"M/S","M/S ADD","M/S ADD2","TEL:-","BANK DETAILS",
"EXCEL INDUSTRIES","UNIT NO 12,BUILDING NO 17,SAMITHA COMPLEX,SAKINAKA TELEPHONE EXCHANGE LANE,SAKINAKA,ANDHERI(E),MUMBAI:400072
GST NO:-27BNNPM9997D2Z3 Email:info@wellworthmumbai.com/wellworth.marketing@yahoo.com","SURIYA","02228511664/2405","KOTAK MAHINDRA BANK
MAROL BRANCH
IFSC CODE: KKBK0000651
ACCOUNT NO:- 9511 631 963",
"WELL WORTH","UNit no 12,Bldg No17,Samitha Complex ,Sakinaka Telephone Exchange Lane,Andheri east,Mumbai-400072
Email:- info@wellworthmumbai.com/wellworth.marketing2@gmail.com
Tel :- 022 - 28511664 / 2405","","","",
"WELL WORTH INDUSTRIES","UNIT NO 12,BUILDING NO 17,SAMITHA COMPLEX,SAKINAKA TELEPHONE EXCHANGE LANE,SAKINAKA,ANDHERI(E),MUMBAI:400072
GST NO:- 27AQRPM0987F1ZB
Email:info@wellworthmumbai.com/wellworth.marketing@yahoo.com","","02228511664/2405","KOTAK MAHINDRA BANK
MAROL BRANCH
IFSC CODE: KKBK0000681
ACCOUNT NO:3111991632",
"WELL WORTH ENGINEERING","UNIT NO 12,BUILDING NO 17,SAMITHA COMPLEX,SAKINAKA TELEPHONE EXCHANGE LANE,SAKINAKA,ANDHERI(E),MUMBAI:400072
GST NO:- 27ACVPM2322G1ZH
Email:info@wellworthmumbai.com/wellworth.marketing@yahoo.com","","022-28511664/2405","BANK NAME :- STATE BANK OF INDIA
A/C NO = 4125 690 9698
BRANCH = MAROL BRANCH
IFSC CODE= SBIN0001594",
"GOLDEN TECH","FACTORY-   Plot no 94,Honey Indl Est, Olpad Taluk,Surat-394540
             GSTIN :- 24AFXPM8884J1ZD","Gala no 12, Bldg No 17,Samhita Complex, Sakinaka, telephone exchange lane, Off a k road, Sakinaka, mumbai-400072","022-28511664","BHARAT CO-OPERATIVE BANK LTD
ANDHERI (EAST) BRANCH
IFSC CODE: BCBM0000009
ACCOUNT NO:-000 812 1000 57039",
"AKHTAR HUSSAIN MALBARWALA","C-408, ECO ELEGENCE, OFF CHURCH ROAD
MAROL, HILL TOP BEHIND ST JOHN SCHOOL
ANDHERI EAST, J B NAGAR, MUMBAI - 400059
9324521664","","N/A","",
"WELL WORTH AIR SYSTEM","UNIT NO 12, BLDG NO 17, SAMHITA COMPLEX, SAKINAKA TELEPHONE EXCHANGE LANE, OFF A K ROAD, OPP FAIRFIELD HOTEL, SAKINAKA, MUMBAI-400072
GSTIN:- 27AFXPM8884J3Z5
Email:- info@wellworthmumbai.com","","022-28511664/2405","DHANLAXMI BANK LTD
BRANCH :- ANDHERI MUMBAI 
A/C:-024705300008091
IFSC:-DLXB0000247",
